path	class	winner	holders(id:sha12)
asset/vegetation/grass/agricultural_wheats_dry.dds	declared	juninho-tree	juninho-grass:2617dbce1c1d,juninho-tree:8973f6732efd
asset/vegetation/grass/agricultural_wheats_dry.tobj	identical	juninho-tree	juninho-grass:347eabc07011,juninho-tree:347eabc07011
asset/vegetation/grass/agricultural_wheats_green.dds	declared	juninho-tree	juninho-grass:0bd306928ee0,juninho-tree:22c053eb9fb6
asset/vegetation/grass/agricultural_wheats_green.tobj	identical	juninho-tree	juninho-grass:c6cc5effaa39,juninho-tree:c6cc5effaa39
asset/vegetation/grass/lavender.dds	declared	juninho-tree	juninho-grass:36868b649bb4,juninho-tree:f68c16aa3a48
asset/vegetation/grass/lavender.tobj	identical	juninho-tree	juninho-grass:1bd1779a3be3,juninho-tree:1bd1779a3be3
asset/vegetation/grass/stones2.dds	declared	juninho-tree	juninho-grass:9294cb80bc4c,juninho-tree:91c8d32e110b
asset/vegetation/grass/stones2.tobj	identical	juninho-tree	juninho-grass:fc4ef5b01380,juninho-tree:fc4ef5b01380
asset/vegetation/grass/stones3.dds	declared	juninho-tree	juninho-grass:f70889cd0181,juninho-tree:677747ed1d1c
asset/vegetation/grass/stones3.tobj	identical	juninho-tree	juninho-grass:10590baf826a,juninho-tree:10590baf826a
material/environment/blobs_rain.dds	declared	realistic-rain	juninho-weather:21e55c7b4df8,realistic-rain:a8260bac033e
material/environment/blobs_rain.mat	declared	realistic-rain	juninho-weather:7e20010af667,realistic-rain:c7aea0b08d55
material/environment/blobs_rain.tobj	identical	realistic-rain	juninho-weather:1a4be02b563d,realistic-rain:1a4be02b563d
material/environment/blobs_rain_heavy.dds	declared	realistic-rain	juninho-weather:bc7e523a42a4,realistic-rain:fe949cdba0ac
material/environment/blobs_rain_heavy.tobj	identical	realistic-rain	juninho-weather:4336cbca7e75,realistic-rain:4336cbca7e75
material/environment/rain.dds	declared	realistic-rain	juninho-weather:7971ec327045,realistic-rain:1980d7320a6a
material/environment/rain.mat	declared	realistic-rain	juninho-weather:90198f7a05de,realistic-rain:74faa6c85dd8
material/environment/rain.tobj	identical	realistic-rain	juninho-weather:f3e63e38b664,realistic-rain:f3e63e38b664
material/terrain/balkan/1_blke_asphalt.dds	declared	juninho-asphalt	diox-nature:662233495d20,juninho-asphalt:d8447cbe3acc
material/terrain/balkan/2_blke_asphalt.dds	declared	juninho-asphalt	diox-nature:d717787f9721,juninho-asphalt:22949ca9c6fb
material/terrain/balkan/3_blke_asphalt.dds	declared	juninho-asphalt	diox-nature:b94f8a61f9a4,juninho-asphalt:f6be8c87e7c6
material/terrain/balkan/asphalt_gran_dark_blke.dds	declared	juninho-asphalt	diox-nature:6b7147cc16bd,juninho-asphalt:c53c5431ead5
material/terrain/balkan/asphalt_gran_light_blke.dds	declared	juninho-asphalt	diox-nature:0a32d995d2b5,juninho-asphalt:ed8b9b4125c5
material/terrain/balkan/asphalt_sand_blke.dds	declared	juninho-asphalt	diox-nature:d2ed58af2797,juninho-asphalt:3fbd9c8bf5d3
material/terrain/balt/asphalt_01_balt.dds	declared	juninho-asphalt	diox-nature:c994973a5adf,juninho-asphalt:4f561de51f06
material/terrain/balt/asphalt_02_balt.dds	declared	juninho-asphalt	diox-nature:590deb894de8,juninho-asphalt:eb106db3096c
material/terrain/balt/asphalt_03_balt.dds	declared	juninho-asphalt	diox-nature:c49ad0dcbec4,juninho-asphalt:1b09be3f1402
material/terrain/balt/asphalt_04_balt.dds	declared	juninho-asphalt	diox-nature:09089f0edfba,juninho-asphalt:caece5b0983c
material/terrain/balt/asphalt_05_balt.dds	declared	juninho-asphalt	diox-nature:8841d7d99df2,juninho-asphalt:ca40d90d4ad6
material/terrain/balt/dirt_1_balt.dds	declared	juninho-asphalt	diox-nature:166ae2b5b720,juninho-asphalt:1e1e1edff10b
material/terrain/balt/dirt_2_balt.dds	declared	juninho-asphalt	diox-nature:55fc13bf62e8,juninho-asphalt:ea5ff81e951e
material/terrain/balt/dirt_3_balt.dds	declared	juninho-asphalt	diox-nature:6176ea4bc9d2,juninho-asphalt:0508768b5c82
material/terrain/balt/grass_brush_balt.dds	declared	diox-nature	juninho-grass:e24798ca0e74,diox-nature:fba3c8650789
material/terrain/balt/grass_flowers1_balt.dds	declared	diox-nature	juninho-grass:cd8576848a83,diox-nature:ef9e5428516d
material/terrain/balt/grass_green_balt.dds	declared	diox-nature	juninho-grass:4c5789f101ba,diox-nature:a38c5917bede
material/terrain/balt/grass_green_tall1_balt.dds	declared	diox-nature	juninho-grass:9bac4b9f78b5,diox-nature:0337d6b1d035
material/terrain/balt/sidewalk_a_balt.dds	declared	juninho-asphalt	diox-nature:b1ed32f9927a,juninho-asphalt:2964f1ccb104
material/terrain/balt/sidewalk_b_balt.dds	declared	juninho-asphalt	diox-nature:a162e248b2c7,juninho-asphalt:23b36e9de89e
material/terrain/balt/sidewalk_c_balt.dds	declared	juninho-asphalt	diox-nature:346aa7d64ecd,juninho-asphalt:bc50126fa8f0
material/terrain/balt/sidewalk_d_balt.dds	declared	juninho-asphalt	diox-nature:3f17728c732c,juninho-asphalt:24b4d240c147
material/terrain/barley_field.dds	declared	diox-nature	juninho-grass:720d04d4b6f6,diox-nature:5fdd26a75ec4
material/terrain/brown_rows.dds	declared	diox-nature	juninho-grass:2e7fdd9d09c6,diox-nature:03208432e375
material/terrain/dirt.dds	declared	juninho-asphalt	juninho-grass:c94ea552d1f8,diox-nature:ea3bb8f17430,juninho-asphalt:10b99bb88817
material/terrain/dirt.tobj	identical	juninho-asphalt	juninho-grass:19a04fadbf1c,juninho-asphalt:19a04fadbf1c
material/terrain/dirt_2_512.dds	declared	juninho-asphalt	juninho-grass:4b1ce651a78d,diox-nature:04e9ef0b3631,juninho-asphalt:702d0a433ae5
material/terrain/dirt_2_512.tobj	identical	juninho-asphalt	juninho-grass:6450ac2bff11,juninho-asphalt:6450ac2bff11
material/terrain/dirt_2_512_nrm.dds	declared	juninho-asphalt	juninho-grass:c5cd806e0985,juninho-asphalt:bd27b1042ee7
material/terrain/dirt_2_512_nrm.tobj	identical	juninho-asphalt	juninho-grass:162eafc0a93d,juninho-asphalt:162eafc0a93d
material/terrain/dirt_3_512.dds	declared	juninho-asphalt	juninho-grass:cb433b017561,diox-nature:fcb356fc7d1c,juninho-asphalt:ce517cca65a8
material/terrain/dirt_3_512.tobj	identical	juninho-asphalt	juninho-grass:98b965a9e44b,juninho-asphalt:98b965a9e44b
material/terrain/dirt_3_512_nrm.dds	declared	juninho-asphalt	juninho-grass:db0b210261e0,juninho-asphalt:7636f293284e
material/terrain/dirt_3_512_nrm.tobj	identical	juninho-asphalt	juninho-grass:bc9475bf0521,juninho-asphalt:bc9475bf0521
material/terrain/dirt_bridge_fr.dds	declared	diox-nature	juninho-grass:5630fb787fcb,diox-nature:5c9f2ba8f544
material/terrain/dirt_nrm.dds	declared	juninho-asphalt	juninho-grass:3c2dffac854a,juninho-asphalt:bf0410a9eefd
material/terrain/dirt_nrm.tobj	identical	juninho-asphalt	juninho-grass:894806d27543,juninho-asphalt:894806d27543
material/terrain/dirt_yellow.dds	declared	juninho-asphalt	juninho-grass:32fa9d7892a5,diox-nature:441638b29ed1,juninho-asphalt:83888e852356
material/terrain/dirt_yellow.tobj	identical	juninho-asphalt	juninho-grass:0c5652fabd30,juninho-asphalt:0c5652fabd30
material/terrain/dirty_grass.dds	declared	diox-nature	juninho-grass:17bf5f5eb687,diox-nature:306b2cd3e884
material/terrain/dirty_grass_2_main.dds	declared	diox-nature	juninho-grass:52168036baca,diox-nature:bba1714aa4c5
material/terrain/dirty_grass_2_main_sc.dds	declared	diox-nature	juninho-grass:63f84567585a,diox-nature:bca5642d3175
material/terrain/dirty_grass_sc.dds	declared	diox-nature	juninho-grass:c657a0d61417,diox-nature:f47c4d0a5317
material/terrain/dry_grass.dds	declared	diox-nature	juninho-grass:4e89fbd3027b,diox-nature:36dc5f54d0c1
material/terrain/dry_grass_sc.dds	declared	diox-nature	juninho-grass:3ddd93cc79a3,diox-nature:094cee0600ae
material/terrain/fallen_leaves.dds	declared	diox-nature	juninho-grass:5f44d0b82aa6,diox-nature:8c0ef23140d9
material/terrain/fallen_leaves2.dds	declared	diox-nature	juninho-grass:cf7b6faf16aa,diox-nature:c427b9f738cb
material/terrain/fallen_leaves_2_512.dds	declared	diox-nature	juninho-grass:9d42bd5c64ce,diox-nature:bc50c0f10108
material/terrain/fallen_leaves_sc.dds	declared	diox-nature	juninho-grass:fe8e7caa8865,diox-nature:d7cf0cb80054
material/terrain/fallen_leaves_x_semidry_512.dds	declared	diox-nature	juninho-grass:a33fe19542ca,diox-nature:7c591858e370
material/terrain/fallen_leaves_x_stones_512.dds	declared	diox-nature	juninho-grass:702984cb3f1c,diox-nature:257ac542ad21
material/terrain/field_beige_green.dds	declared	diox-nature	juninho-grass:9955c59a143f,diox-nature:ffb1e55e50e7
material/terrain/field_brown_beige.dds	declared	diox-nature	juninho-grass:baf7520157a0,diox-nature:9e475703c555
material/terrain/field_brown_green.dds	declared	diox-nature	juninho-grass:c8535cfd8a0c,diox-nature:25f92bcfd51c
material/terrain/field_gray_beige.dds	declared	diox-nature	juninho-grass:1ff3957b9091,diox-nature:c8fa7473f2e4
material/terrain/field_gray_green.dds	declared	diox-nature	juninho-grass:ee5e96f19882,diox-nature:a2f90970c77a
material/terrain/field_wheat.dds	declared	diox-nature	juninho-grass:1f5ca860eea7,diox-nature:63af4e842cb9
material/terrain/field_wheat_young_fr.dds	declared	diox-nature	juninho-grass:ebd29d32e951,diox-nature:4f666792083e
material/terrain/grass_austria_main.dds	declared	diox-nature	juninho-grass:3d88ab820375,diox-nature:eaf86fab91fa
material/terrain/grass_city_fr.dds	declared	diox-nature	juninho-grass:46746a0f0cf8,diox-nature:57ac99466d3f
material/terrain/grass_city_main_sc.dds	declared	diox-nature	juninho-grass:46746a0f0cf8,diox-nature:ddfe94df2230
material/terrain/grass_dry_tall_512_fr.dds	declared	diox-nature	juninho-grass:82c604bf85bf,diox-nature:e988b1b4ea0b
material/terrain/grass_dusty_main.dds	declared	diox-nature	juninho-grass:0f4ad86171e6,diox-nature:940ab9cb5556
material/terrain/grass_far.dds	declared	diox-nature	juninho-grass:4b6a2f495667,diox-nature:bb84619552de
material/terrain/grass_flowers_main.dds	declared	diox-nature	juninho-grass:07e9c255c252,diox-nature:4eb0f7aed5a7
material/terrain/grass_flowers_white_main.dds	declared	diox-nature	juninho-grass:310f208d2884,diox-nature:bdce6f9501f3
material/terrain/grass_ger_main.dds	declared	diox-nature	juninho-grass:07e9c255c252,diox-nature:ffb622fb08a3
material/terrain/grass_ger_x_dirty_grass_main.dds	declared	diox-nature	juninho-grass:07e9c255c252,diox-nature:8de2b18b9b7f
material/terrain/grass_ger_x_semidry_main.dds	declared	diox-nature	juninho-grass:30dc5dc448f9,diox-nature:fec2177ad6bd
material/terrain/grass_green_far_sc.dds	declared	diox-nature	juninho-grass:b471db164bea,diox-nature:827edede2585
material/terrain/grass_green_main_fr.dds	declared	diox-nature	juninho-grass:07e9c255c252,diox-nature:1ebc957630c9
material/terrain/grass_green_main_sc.dds	declared	diox-nature	juninho-grass:07e9c255c252,diox-nature:bf5b52fa829b
material/terrain/grass_green_main_south_fr.dds	declared	diox-nature	juninho-grass:a2c930d584ad,diox-nature:8926353e5766
material/terrain/grass_light_green_main.dds	declared	diox-nature	juninho-grass:a2c930d584ad,diox-nature:70e5bdee82f8
material/terrain/grass_moss_sc.dds	declared	diox-nature	juninho-grass:ff5fd6a2c973,diox-nature:c3b1c0de71fd
material/terrain/grass_semidry_2_far.dds	declared	diox-nature	juninho-grass:e7a6028adb0c,diox-nature:ce9db1c3117e
material/terrain/grass_semidry_main.dds	declared	diox-nature	juninho-grass:cd455a0bb82f,diox-nature:905b756e41af
material/terrain/grass_semidry_main_fr.dds	declared	diox-nature	juninho-grass:c6a9b1db572a,diox-nature:e574462f3005
material/terrain/grass_semigreen_main_fr.dds	declared	diox-nature	juninho-grass:a2c930d584ad,diox-nature:c44831d1dd71
material/terrain/grass_sporadic_512.dds	declared	diox-nature	juninho-grass:c2a89f480fbd,diox-nature:70fdabdf73b0
material/terrain/grass_sporadic_512_sc.dds	declared	diox-nature	juninho-grass:8c4099c5ce70,diox-nature:a3f379c24fd0
material/terrain/grass_sporadic_main.dds	declared	diox-nature	juninho-grass:2c64e0f39977,diox-nature:d3fb857402ff
material/terrain/grass_spotted_main.dds	declared	diox-nature	juninho-grass:d402e723c01f,diox-nature:08fcc7e597cd
material/terrain/grass_stony_512_fr.dds	declared	diox-nature	juninho-grass:3b893ef88090,diox-nature:884d34110f7b
material/terrain/grass_wild1_512_fr.dds	declared	diox-nature	juninho-grass:16094e87dbf6,diox-nature:d63f481b70b9
material/terrain/grass_yellow_512.dds	declared	diox-nature	juninho-grass:eeb469a86bf1,diox-nature:0203ce3fac3c
material/terrain/grass_yellow_x_rocky_land_512.dds	declared	diox-nature	juninho-grass:34d5b210db18,diox-nature:5fe676dc6083
material/terrain/grass_yellow_x_rocky_land_512_sc.dds	declared	diox-nature	juninho-grass:1912ed760090,diox-nature:fb7507fce1e6
material/terrain/grassy_ground.dds	declared	diox-nature	juninho-grass:c8f43c415f94,diox-nature:108514bddc88
material/terrain/grassy_ground_sc.dds	declared	diox-nature	juninho-grass:07e9c255c252,diox-nature:99666418130c
material/terrain/ground_rocky.dds	declared	diox-nature	juninho-grass:d203edf843b9,diox-nature:fe86be5aa812
material/terrain/iberia/1_ibe_asphalt.dds	declared	juninho-asphalt	diox-nature:db16ab236eea,juninho-asphalt:7d62a233ae9e
material/terrain/iberia/2_ibe_asphalt.dds	declared	juninho-asphalt	diox-nature:2edfff7c3618,juninho-asphalt:8572d023f997
material/terrain/iberia/3_ibe_asphalt.dds	declared	juninho-asphalt	diox-nature:50006bb47401,juninho-asphalt:1a9ffbd2fac0
material/terrain/iberia/sidewalk_01_ibe.dds	declared	juninho-asphalt	diox-nature:317de78a5443,juninho-asphalt:84e9da4e0201
material/terrain/iberia/sidewalk_02_ibe.dds	declared	juninho-asphalt	diox-nature:c36896f71503,juninho-asphalt:5ad3c03d0e02
material/terrain/iberia/sidewalk_03_ibe.dds	declared	juninho-asphalt	diox-nature:f588106c5ed9,juninho-asphalt:a27cca810aee
material/terrain/iberia/sidewalk_04_ibe.dds	declared	juninho-asphalt	diox-nature:ea21dd00c49e,juninho-asphalt:e501d686b353
material/terrain/light_grass.dds	declared	diox-nature	juninho-grass:b8742a9d1c63,diox-nature:26795d1501d2
material/terrain/muddy_ground.dds	declared	diox-nature	juninho-grass:235cbd7f2a80,diox-nature:1059f69b682d
material/terrain/pebble_stones.dds	declared	diox-nature	juninho-grass:a8f934894cae,diox-nature:60a6d25f9331
material/terrain/pebble_stones_2_512.dds	declared	diox-nature	juninho-grass:887fc80fc34d,diox-nature:00ee29f9e939
material/terrain/pebble_stones_3_512.dds	declared	diox-nature	juninho-grass:d603e5e77bad,diox-nature:4ec67fb2210b
material/terrain/pebble_stones_4_512.dds	declared	diox-nature	juninho-grass:7f1247f3ea42,diox-nature:40344ec647dd
material/terrain/pine_leaves_ground_512.dds	declared	diox-nature	juninho-grass:21bfcd058f47,diox-nature:ae0c87321f2f
material/terrain/pine_leaves_ground_512_sc.dds	declared	diox-nature	juninho-grass:21bfcd058f47,diox-nature:6ecbde2ac714
material/terrain/pine_leaves_mix_512.dds	declared	diox-nature	juninho-grass:0d5f0101711a,diox-nature:842bc158efe6
material/terrain/reddish_gr_rows.dds	declared	diox-nature	juninho-grass:53af5eb6913d,diox-nature:e3de17f3d18c
material/terrain/reddish_rows_mix_pebble.dds	declared	diox-nature	juninho-grass:53af5eb6913d,diox-nature:337446b42435
material/terrain/rise_field.dds	declared	diox-nature	juninho-grass:1a536e1d1c2e,diox-nature:ec1d418b749d
material/terrain/rocky_land.dds	declared	diox-nature	juninho-grass:5b4ad4238516,diox-nature:f294deba67f2
material/terrain/rocky_land_2_512.dds	declared	diox-nature	juninho-grass:5b4ad4238516,diox-nature:32b809c04c5e
material/terrain/sand.dds	declared	diox-nature	juninho-grass:f6fa3e36daed,diox-nature:9f29e866c2c5
material/terrain/sand_grass.dds	declared	diox-nature	juninho-grass:3dbcbeb3ec8b,diox-nature:05333f1bf117
material/terrain/sand_red.dds	declared	diox-nature	juninho-grass:a6e1e795a33a,diox-nature:5ee7272a4a3c
material/terrain/semi_dry_grass_512.dds	declared	diox-nature	juninho-grass:c6a9b1db572a,diox-nature:fabc5862af4d
material/terrain/semi_dry_grass_x_stones_512.dds	declared	diox-nature	juninho-grass:6a9dd857a038,diox-nature:18a00cfe83ff
material/terrain/small_stones.dds	declared	diox-nature	juninho-grass:ae418646cc2c,diox-nature:33d578093dea
material/terrain/soil_gravel_fr.dds	declared	diox-nature	juninho-grass:9224a53684a5,diox-nature:0af7c1812623
material/terrain/soil_stones2_fr.dds	declared	diox-nature	juninho-grass:95a9e7ab32aa,diox-nature:dbfa099ba36f
material/terrain/soil_stones_fr.dds	declared	diox-nature	juninho-grass:c3d3008b388e,diox-nature:772c0d7df50b
material/terrain/stamps.dds	declared	diox-nature	juninho-grass:e07ed134dfd4,diox-nature:9e73ab525d5e
material/terrain/stone_bridge_fr.dds	declared	diox-nature	juninho-grass:c3794b73adfe,diox-nature:2606f52fd66e
material/terrain/stone_flat_bridge_fr.dds	declared	diox-nature	juninho-grass:1bf301fe3c7a,diox-nature:a575839f0a7a
material/terrain/stones_fr.dds	declared	diox-nature	juninho-grass:780fed0aee0a,diox-nature:0dc591b29f72
model/hays/roll_hay.dds	identical	juninho-asphalt	juninho-grass:f5c115669e4e,juninho-asphalt:f5c115669e4e
model/hays/roll_hay.tobj	identical	juninho-asphalt	juninho-grass:252a3d9f99d7,juninho-asphalt:252a3d9f99d7
model/hedge.dds	declared	diox-nature	juninho-grass:e0be17e13b61,diox-nature:2c37e2e7e9e4
model/hedge_bgreen.dds	declared	diox-nature	juninho-grass:3b80339b8021,diox-nature:38223916143b
model/hedge_rggreen.dds	declared	diox-nature	juninho-grass:0543009f11ad,diox-nature:b7c9cbd456f9
model/hedge_ygreen.dds	declared	diox-nature	juninho-grass:6f8c2cc4538d,diox-nature:0c66945f6869
model/particle/water.dds	declared	realistic-rain	juninho-weather:a51986bd5445,realistic-rain:bbc7fa7bf76c
model/particle/water.tobj	identical	realistic-rain	juninho-weather:c74e1e2d8b54,realistic-rain:c74e1e2d8b54
model/rock/rock_grey_big.dds	declared	juninho-asphalt	juninho-grass:05c2b1b2d0ef,diox-nature:e5dce4722e4d,juninho-asphalt:05c2b1b2d0ef
model/rock/rock_grey_big.tobj	identical	juninho-asphalt	juninho-grass:93abeac014e4,juninho-asphalt:93abeac014e4
model/rock/rock_layered1.dds	declared	juninho-asphalt	juninho-grass:289442fa6152,diox-nature:9656820d1f77,juninho-asphalt:04457ba78132
model/rock/rock_layered1.tobj	identical	juninho-asphalt	juninho-grass:53c7315debe8,juninho-asphalt:53c7315debe8
model/rock/rock_layered2.dds	declared	juninho-asphalt	juninho-grass:bb101ac264aa,diox-nature:2e4104ae0ec0,juninho-asphalt:d6dddad5ab45
model/rock/rock_layered2.tobj	identical	juninho-asphalt	juninho-grass:2c23a831f7e0,juninho-asphalt:2c23a831f7e0
model/rock/rock_layered3.dds	declared	juninho-asphalt	juninho-grass:be9a2cbf29bb,diox-nature:7ec331eaf279,juninho-asphalt:b8f6c8955562
model/rock/rock_layered3.tobj	identical	juninho-asphalt	juninho-grass:41e58ffecb6e,juninho-asphalt:41e58ffecb6e
model/rock/rock_layered4.dds	declared	juninho-asphalt	juninho-grass:499d8471ce3b,diox-nature:07797a8fb63c,juninho-asphalt:97eda47e350e
model/rock/rock_layered4.tobj	identical	juninho-asphalt	juninho-grass:56ac09146de1,juninho-asphalt:56ac09146de1
model/rock/rock_layered5.dds	declared	juninho-asphalt	juninho-grass:73a728d02cce,diox-nature:0ce7c2d65c2f,juninho-asphalt:9f929d3c73b7
model/rock/rock_layered5.tobj	identical	juninho-asphalt	juninho-grass:e60c7a73013a,juninho-asphalt:e60c7a73013a
model/rock/rock_layered6.dds	declared	juninho-asphalt	juninho-grass:01a11bc2bc20,diox-nature:0f8b9f09742f,juninho-asphalt:7715f2e362fc
model/rock/rock_layered6.tobj	identical	juninho-asphalt	juninho-grass:281838289ded,juninho-asphalt:281838289ded
model/vegetation/branches.dds	declared	juninho-tree	diox-nature:a19be040b8b2,juninho-tree:166f820ee896
model/vegetation/democentre/demo_detail_vegetation.dds	declared	juninho-tree	diox-nature:8a036ba33fbb,juninho-tree:c64dc4dff1b3
model/vegetation/grass/grass.dds	declared	diox-nature	juninho-grass:a0e65e1aed68,diox-nature:3558f1ae2c74
model/vegetation/grass/sc_grass.dds	declared	diox-nature	juninho-grass:62d4c9c10fe7,diox-nature:1640e6241fb3
model/vegetation/poly_vegetation/birch.dds	declared	juninho-tree	diox-nature:62611b406c19,juninho-tree:66ebfc4be21a
model/vegetation/poly_vegetation/buk_tree.dds	declared	juninho-tree	diox-nature:947464de7cd9,juninho-tree:61c33b82fc00
model/vegetation/poly_vegetation/cyprus.dds	declared	juninho-tree	diox-nature:3ca0ef4379db,juninho-tree:67aa49fc15f3
model/vegetation/poly_vegetation/ded_bark1.dds	declared	juninho-tree	diox-nature:4c8a6d0934e8,juninho-tree:ebb20e5aeb92
model/vegetation/poly_vegetation/ded_bark2.dds	declared	juninho-tree	diox-nature:f3eafca5916b,juninho-tree:d0712b061d76
model/vegetation/poly_vegetation/ded_bark3.dds	declared	juninho-tree	diox-nature:99b8c761be14,juninho-tree:c2dbddc3a37e
model/vegetation/poly_vegetation/poplar.dds	declared	juninho-tree	diox-nature:1140734e258f,juninho-tree:c613baf2c6f0
model/vegetation/poly_vegetation/sc_lime.dds	declared	juninho-tree	diox-nature:46d7f940fa6b,juninho-tree:dfefbb0f0902
model/vegetation/poly_vegetation/sc_pine.dds	declared	juninho-tree	diox-nature:130e37938cc1,juninho-tree:343400f7709f
model/vegetation/poly_vegetation/single_oak.dds	declared	juninho-tree	diox-nature:1f799ae38010,juninho-tree:2ae314e0ddf6
model/vegetation/poly_vegetation/smalltrees1.dds	declared	juninho-tree	diox-nature:2ee45926d3ee,juninho-tree:88566c606c7c
model/vegetation/poly_vegetation/spruce2.dds	declared	juninho-tree	diox-nature:4898d0dfba8e,juninho-tree:4d391f013b7c
model/vegetation/poly_vegetation/spruces.dds	declared	juninho-tree	juninho-grass:58083663d7d1,diox-nature:6f9461d0b1d5,juninho-tree:3562a8ecbc7c
model/vegetation/poly_vegetation/spruces.tobj	identical	juninho-tree	juninho-grass:dc43d41dfec3,juninho-tree:dc43d41dfec3
model/vegetation/poly_vegetation/trees_far1.dds	declared	juninho-tree	diox-nature:b5034359008e,juninho-tree:fd2bf9cb8427
model/vegetation/poly_vegetation/vegetation_1.dds	declared	juninho-tree	diox-nature:78e162f653db,juninho-tree:d0167bf4b4a4
model/vegetation/tree_deciduous/deciduous_shadows.dds	declared	juninho-tree	diox-nature:a1d11823fc90,juninho-tree:6662cf4db90f
model2/vegetation/birch2.dds	declared	juninho-tree	diox-nature:32546e9d57a4,juninho-tree:0e3e1f6f8a8e
model2/vegetation/birch_small2.dds	declared	juninho-tree	diox-nature:4cd2d1429bf2,juninho-tree:556f8fee72cf
model2/vegetation/birches_building_balt.dds	declared	juninho-tree	diox-nature:a19855fc0710,juninho-tree:59ccf406fcf5
model2/vegetation/cage_blke.dds	declared	juninho-tree	diox-nature:5e434b8fb07f,juninho-tree:1b3f13f8b217
model2/vegetation/country/conifer_dry.dds	declared	juninho-tree	diox-nature:9eb2bfeaeeaf,juninho-tree:b00c2cb65244
model2/vegetation/country/dry_fallen_tree.dds	declared	juninho-tree	diox-nature:be08e4fffef2,juninho-tree:3831a2d4d0d7
model2/vegetation/country/tree_stump.dds	declared	juninho-tree	diox-nature:6da1f54985ff,juninho-tree:b60770e2ed7a
model2/vegetation/country/wood_branch_decal.dds	declared	juninho-tree	diox-nature:6aaba59cbe53,juninho-tree:ca32b43a0001
model2/vegetation/crops/vineyard2.dds	declared	juninho-tree	diox-nature:7c568c9532a8,juninho-tree:626dd02e269b
model2/vegetation/decal/mud_decal_blke.dds	declared	juninho-tree	diox-nature:05fe53d412cf,juninho-tree:f74e42a7a665
model2/vegetation/decal/mud_decal_duckweed_blke.dds	declared	juninho-tree	diox-nature:b71ad38cd458,juninho-tree:5d8213c6de47
model2/vegetation/decal/universal_1.dds	declared	juninho-tree	diox-nature:27394a64e414,juninho-tree:95f09fa90421
model2/vegetation/decal/universal_2.dds	declared	juninho-tree	diox-nature:687d62f7074c,juninho-tree:b4361477ffcc
model2/vegetation/decal/universal_3.dds	declared	juninho-tree	diox-nature:4ef0e6b237c7,juninho-tree:a13dea813b8e
model2/vegetation/deciduous/plane_trees/plane2.dds	declared	juninho-tree	diox-nature:6c1a97237cdb,juninho-tree:849e303c8b0a
model2/vegetation/field_blke.dds	declared	juninho-tree	diox-nature:dd38b0bbe52b,juninho-tree:2c4cc18d91cf
model2/vegetation/foliage_blke.dds	declared	juninho-tree	diox-nature:221a3aaa6d97,juninho-tree:0a655e0acc0a
model2/vegetation/grass/fr_grass.dds	declared	diox-nature	juninho-grass:1cd209c1602f,diox-nature:9f5c21f64835
model2/vegetation/grass/grass_balt/grass_balt.dds	declared	diox-nature	juninho-grass:aaae5423e102,diox-nature:76515153995c
model2/vegetation/grass/grass_dry/grass_dry.dds	declared	diox-nature	juninho-grass:9652e48326e6,diox-nature:6a8aa3d99d02
model2/vegetation/hedges/bush1_ibe.dds	declared	juninho-tree	diox-nature:c26dc57a228d,juninho-tree:43aeb8e7170e
model2/vegetation/hedges/hedge1/bed_flowers1_blke.dds	declared	juninho-tree	diox-nature:04783f30a74c,juninho-tree:e6ad9084e0f4
model2/vegetation/hedges/hedge1/hedge1.dds	declared	juninho-tree	diox-nature:8c83a4ffb936,juninho-tree:abd396afd4bd
model2/vegetation/hedges/hedge1_blke/hedge1_blke.dds	declared	juninho-tree	diox-nature:0f91028f28b0,juninho-tree:4a64f8f15dca
model2/vegetation/hedges/hedge1_dry_ibe.dds	declared	juninho-tree	diox-nature:7447ac40b944,juninho-tree:c768df21dd27
model2/vegetation/hedges/hedge1_ibe.dds	declared	juninho-tree	diox-nature:70ae4bd52854,juninho-tree:b0e8fc374522
model2/vegetation/hedges/hedge_low.dds	declared	juninho-tree	diox-nature:697a82ff9338,juninho-tree:c4e4f3e5944a
model2/vegetation/hedges/ivy/foliage_v2_blke.dds	declared	juninho-tree	diox-nature:39d358b85dde,juninho-tree:46243a4bbdcd
model2/vegetation/hedges/juniper.dds	declared	juninho-tree	diox-nature:eaa1ae807c81,juninho-tree:d3436dae62a9
model2/vegetation/hedges/purple/tree_hedge_purple1.dds	declared	juninho-tree	diox-nature:340b2ba1abee,juninho-tree:f1d7bdabaec7
model2/vegetation/hedges/red/tree_hedge_red.dds	declared	juninho-tree	diox-nature:c88c6f1e2eaa,juninho-tree:8ab75cacc8ef
model2/vegetation/sc_smalltree.dds	declared	juninho-tree	diox-nature:91da9228316b,juninho-tree:99fa0737a1fe
model2/vegetation/silver_plant_blke.dds	declared	juninho-tree	diox-nature:b4ccbdd56d2a,juninho-tree:bae5fb9449ba
model2/vegetation/spruce_building.dds	declared	juninho-tree	diox-nature:c2a2df24f602,juninho-tree:9653ffb851e8
model2/vegetation/tree_balkan_e/chestnut_blke.dds	declared	juninho-tree	diox-nature:bf92e9307b41,juninho-tree:658ccdf4ef82
model2/vegetation/tree_balkan_e/city_tree_1_blke.dds	declared	juninho-tree	diox-nature:4acfcadc9624,juninho-tree:da30ee46bdce
model2/vegetation/tree_balkan_e/coniferous/tamarisk_blke.dds	declared	juninho-tree	diox-nature:716d2887bf45,juninho-tree:c8e6f8dabaec
model2/vegetation/tree_balkan_e/coniferous/tamarisk_dry_blke.dds	declared	juninho-tree	diox-nature:81ce27b72d83,juninho-tree:ec7f764fd845
model2/vegetation/tree_balkan_e/fig_blke.dds	declared	juninho-tree	diox-nature:1074908e7162,juninho-tree:f3f48cca9ea6
model2/vegetation/tree_balkan_e/hazel_blke.dds	declared	juninho-tree	diox-nature:cf0805e82147,juninho-tree:c19518277b90
model2/vegetation/tree_balkan_e/judas_tree_blke.dds	declared	juninho-tree	diox-nature:df0ed946836c,juninho-tree:4a147fd5ef80
model2/vegetation/tree_balkan_e/red_tree_blke.dds	declared	juninho-tree	diox-nature:df4e611cd198,juninho-tree:56aab92fe8f6
model2/vegetation/tree_balkan_e/sparse_trees.dds	declared	juninho-tree	diox-nature:e235ac9cf188,juninho-tree:edf9b85fc46a
model2/vegetation/tree_balkan_e/sparse_trees_semidry.dds	declared	juninho-tree	diox-nature:b318ae108c87,juninho-tree:aa6dd3b54bce
model2/vegetation/tree_balkan_e/sparse_trees_semidry_sprites.dds	declared	juninho-tree	diox-nature:70531eb4c6d5,juninho-tree:ab0ca6693edf
model2/vegetation/tree_balkan_e/sparse_trees_sprites.dds	declared	juninho-tree	diox-nature:44579fac506d,juninho-tree:ac9f136390f5
model2/vegetation/tree_balkan_e/weeping_willow_blke.dds	declared	juninho-tree	diox-nature:ca7ec9d5c3c2,juninho-tree:02a4916094fc
model2/vegetation/tree_balkan_e/white_bark_blke.dds	declared	juninho-tree	diox-nature:087c16ec8afb,juninho-tree:6444ed3e32bf
model2/vegetation/tree_balkan_e/white_cedar_blke.dds	declared	juninho-tree	diox-nature:f8fbb8e16bba,juninho-tree:13c7b8cbe411
model2/vegetation/tree_balt/aspen.dds	declared	juninho-tree	diox-nature:0a5be4ced884,juninho-tree:1628e08bbd9e
model2/vegetation/tree_balt/cherry_balt.dds	declared	juninho-tree	diox-nature:dcc2d7609043,juninho-tree:2eb57bc9fd66
model2/vegetation/tree_balt/foliage1_balt.dds	declared	juninho-tree	diox-nature:1657f14e1162,juninho-tree:90719da19baa
model2/vegetation/tree_balt/hogweed1_balt.dds	declared	juninho-tree	diox-nature:665acc782a9c,juninho-tree:1b3949f4e7d1
model2/vegetation/tree_balt/linden_balt.dds	declared	juninho-tree	diox-nature:e2451b49c9a2,juninho-tree:ff6b7971902a
model2/vegetation/tree_balt/maple_balt.dds	declared	juninho-tree	diox-nature:ef91faa368df,juninho-tree:c7342f388b4b
model2/vegetation/tree_balt/maple_semidry.dds	declared	juninho-tree	diox-nature:8fcd5431a372,juninho-tree:0e9650dbe4b5
model2/vegetation/tree_balt/maple_yellow_balt.dds	declared	juninho-tree	diox-nature:572c7452dd8d,juninho-tree:b3a802f6ce94
model2/vegetation/tree_balt/oak2_balt.dds	declared	juninho-tree	diox-nature:d60b7a5b63dd,juninho-tree:eaec0687a1e3
model2/vegetation/tree_balt/oak2_semidry.dds	declared	juninho-tree	diox-nature:b18d1707db3f,juninho-tree:475fb34245fa
model2/vegetation/tree_balt/oak_balt.dds	declared	juninho-tree	diox-nature:b8d424005d46,juninho-tree:400561df0815
model2/vegetation/tree_balt/pine2_balt.dds	declared	juninho-tree	diox-nature:d87bfb5b8ebb,juninho-tree:fa0e4da8a141
model2/vegetation/tree_balt/pine_balt.dds	declared	juninho-tree	diox-nature:08b70a5aa789,juninho-tree:85fe6b463e12
model2/vegetation/tree_balt/pine_slim_sprites.dds	declared	juninho-tree	diox-nature:216639f71ee5,juninho-tree:c158f431d11d
model2/vegetation/tree_balt/poplar.dds	declared	juninho-tree	diox-nature:76dcae7a9024,juninho-tree:d6619976f0e1
model2/vegetation/tree_balt/shrub_osier2_balt.dds	declared	juninho-tree	diox-nature:faac22a7d3eb,juninho-tree:fd2f5b1046b3
model2/vegetation/tree_balt/shrub_osier_balt.dds	declared	juninho-tree	diox-nature:24afe106cbfc,juninho-tree:f363d75b02c4
model2/vegetation/tree_balt/spruce_silver_balt.dds	declared	juninho-tree	diox-nature:95cfede94f6f,juninho-tree:dd647740108e
model2/vegetation/tree_balt/trees_dense1_sprites.dds	declared	juninho-tree	diox-nature:14a95234dc6c,juninho-tree:8c2991824921
model2/vegetation/tree_balt/trees_dense1_sprites_semidry.dds	declared	juninho-tree	diox-nature:06e539cecb5f,juninho-tree:d47b0bf91bed
model2/vegetation/tree_balt/trees_dense_balt.dds	declared	juninho-tree	diox-nature:62afb6540244,juninho-tree:050f34158ad1
model2/vegetation/tree_balt/trees_dense_semidry.dds	declared	juninho-tree	diox-nature:231580e31d9f,juninho-tree:54c7325ec790
model2/vegetation/tree_balt/treewall_dense1.dds	declared	juninho-tree	diox-nature:89db1ac43631,juninho-tree:4d14a12cf7d5
model2/vegetation/tree_balt/treewall_dense1_semidry.dds	declared	juninho-tree	diox-nature:4a1a5d0a74d0,juninho-tree:88b713fea374
model2/vegetation/tree_fr/appletree_fr.dds	declared	juninho-tree	diox-nature:dd993dbe3a02,juninho-tree:8f88da1db906
model2/vegetation/tree_fr/arundo_donax_fr.dds	declared	juninho-tree	diox-nature:7a867ed02cb1,juninho-tree:c3f425b19e3b
model2/vegetation/tree_fr/basil_lavender_fr.dds	declared	juninho-tree	diox-nature:a6d64339b80d,juninho-tree:4e9b859e9293
model2/vegetation/tree_fr/beech_1_fr.dds	declared	juninho-tree	diox-nature:01c36a5e67a6,juninho-tree:493af5f7afb0
model2/vegetation/tree_fr/beech_small1_fr.dds	declared	juninho-tree	diox-nature:7bfc04e6c6be,juninho-tree:40590436f634
model2/vegetation/tree_fr/chestnut_fr.dds	declared	juninho-tree	diox-nature:bf4c53c48bcb,juninho-tree:752363c5145b
model2/vegetation/tree_fr/coniferous_fr.dds	declared	juninho-tree	diox-nature:8fb024eadc18,juninho-tree:3cbbe69b5cbf
model2/vegetation/tree_fr/cypress2_fr.dds	declared	juninho-tree	diox-nature:178ee89ce7cd,juninho-tree:3d72c9760358
model2/vegetation/tree_fr/cypress_fr.dds	declared	juninho-tree	diox-nature:37ce69c80454,juninho-tree:67aa49fc15f3
model2/vegetation/tree_fr/deciduous_fr.dds	declared	juninho-tree	diox-nature:ad759518a144,juninho-tree:3e4431e93caf
model2/vegetation/tree_fr/maple_young_fr.dds	declared	juninho-tree	diox-nature:6331ca80b218,juninho-tree:9641aec0a917
model2/vegetation/tree_fr/oleander_fr.dds	declared	juninho-tree	diox-nature:bdc5c4cce828,juninho-tree:eda82e41112d
model2/vegetation/tree_fr/palm_canary_fr.dds	declared	juninho-tree	diox-nature:fbedfbbb58db,juninho-tree:9b5d2fef661a
model2/vegetation/tree_fr/palm_canary_young_fr.dds	declared	juninho-tree	diox-nature:78f6cd575400,juninho-tree:3221d48a3e37
model2/vegetation/tree_fr/palm_robusta_fr.dds	declared	juninho-tree	diox-nature:573fcf606cf7,juninho-tree:37689c70d2d2
model2/vegetation/tree_fr/pine_1_fr.dds	declared	juninho-tree	diox-nature:8facd06bda56,juninho-tree:07db6f61b8fb
model2/vegetation/tree_fr/pine_2_fr.dds	declared	juninho-tree	diox-nature:3c956ddafbb6,juninho-tree:942117af32a4
model2/vegetation/tree_fr/plane_fr.dds	declared	juninho-tree	diox-nature:ae136510c946,juninho-tree:379b64cc204a
model2/vegetation/tree_fr/rhododendron.dds	declared	juninho-tree	diox-nature:c23df426d090,juninho-tree:d9be56f2dff5
model2/vegetation/tree_fr/shrubs2_fr.dds	declared	juninho-tree	diox-nature:93662a34af4e,juninho-tree:7ba4c4d8a0c2
model2/vegetation/tree_fr/shrubs_fr.dds	declared	juninho-tree	diox-nature:e49395e47bda,juninho-tree:734671d7eb59
model2/vegetation/tree_fr/shrubs_yellow_fr.dds	declared	juninho-tree	diox-nature:70cefad7c88c,juninho-tree:e0f8abc945c3
model2/vegetation/tree_fr/succulents_fr.dds	declared	juninho-tree	diox-nature:4e867e998543,juninho-tree:1697ff9e54a7
model2/vegetation/tree_fr/tree1_fr.dds	declared	juninho-tree	diox-nature:2f636f28e581,juninho-tree:a8bc19e2250b
model2/vegetation/tree_fr/tree_05.dds	declared	juninho-tree	diox-nature:5da79aeec923,juninho-tree:e160618e30b8
model2/vegetation/tree_fr/tree_wall_forest1_fr.dds	declared	juninho-tree	diox-nature:8dccc0f6c779,juninho-tree:1b317a631a67
model2/vegetation/tree_fr/trees_far1_fr.dds	declared	juninho-tree	diox-nature:966b1bda3fc2,juninho-tree:41468454a9f4
model2/vegetation/tree_fr/treewall_fr.dds	declared	juninho-tree	diox-nature:3796b158b954,juninho-tree:a959cdb97872
model2/vegetation/tree_fr/treewall_pines_fr.dds	declared	juninho-tree	diox-nature:079b67056952,juninho-tree:4dcc5af380ff
model2/vegetation/tree_fr/treewall_pines_low_fr.dds	declared	juninho-tree	diox-nature:e84421596c8f,juninho-tree:be888590f372
model2/vegetation/tree_fr/treewall_semidry.dds	declared	juninho-tree	diox-nature:865d257c8214,juninho-tree:929d97d8559e
model2/vegetation/tree_fr/vineyard_fr.dds	declared	juninho-tree	diox-nature:e7558702bdbb,juninho-tree:86608b1f0df5
model2/vegetation/tree_ibe/cork1_ibe.dds	declared	juninho-tree	diox-nature:73a0e87de464,juninho-tree:23ff7946f695
model2/vegetation/tree_ibe/cork_bark1.dds	declared	juninho-tree	diox-nature:475a0e5ba0b0,juninho-tree:7924b9f1e112
model2/vegetation/tree_ibe/eucalypt1_small_ibe.dds	declared	juninho-tree	diox-nature:721f7f853c0f,juninho-tree:ca04e5fcd586
model2/vegetation/tree_ibe/far_trees_ibe.dds	declared	juninho-tree	diox-nature:ff3e771ba4d9,juninho-tree:70937124cf41
model2/vegetation/tree_ibe/fir2_ibe.dds	declared	juninho-tree	diox-nature:a07de3eaf3c0,juninho-tree:394f129ec659
model2/vegetation/tree_ibe/orange_1.dds	declared	juninho-tree	diox-nature:d92f58fb00a8,juninho-tree:6f6d84ddbc49
model2/vegetation/tree_ibe/orange_tree.dds	declared	juninho-tree	diox-nature:17e9c40fa03d,juninho-tree:365fc52a58de
model2/vegetation/tree_ibe/palm1_ibe.dds	declared	juninho-tree	diox-nature:49c5bd63a557,juninho-tree:814b7bd4474f
model2/vegetation/tree_ibe/spanish_broom_ibe.dds	declared	juninho-tree	diox-nature:bf4b95c82c8b,juninho-tree:8ffac22f7844
model2/vegetation/tree_it/acacia_it.dds	declared	juninho-tree	diox-nature:ca6368e14bd2,juninho-tree:aeea670e20b2
model2/vegetation/tree_it/araucaria_it.dds	declared	juninho-tree	diox-nature:4ef34f5787ec,juninho-tree:9d7379f74041
model2/vegetation/tree_it/foliage_dry_it.dds	declared	juninho-tree	diox-nature:9163c37acff4,juninho-tree:70ad370d4c0b
model2/vegetation/tree_it/foliage_it.dds	declared	juninho-tree	diox-nature:6fe4987a9ee9,juninho-tree:722efb078272
model2/vegetation/tree_it/juniperus.dds	declared	juninho-tree	diox-nature:e2a1ca88b2da,juninho-tree:3520f4499a5d
model2/vegetation/tree_it/laurel_it.dds	declared	juninho-tree	diox-nature:829d3c4c7145,juninho-tree:3db53b8b7b12
model2/vegetation/tree_it/oleander_it.dds	declared	juninho-tree	diox-nature:711cc0c16e3d,juninho-tree:6157a2a7480b
model2/vegetation/tree_it/opuntia_it.dds	declared	juninho-tree	diox-nature:2a7583807a63,juninho-tree:d69c52afdd5e
model2/vegetation/tree_it/pine1_it.dds	declared	juninho-tree	diox-nature:a8b0c9288ed2,juninho-tree:79615f7bb08e
model2/vegetation/tree_it/poplar_it.dds	declared	juninho-tree	diox-nature:5b893e57b9fb,juninho-tree:71a855faead9
model2/vegetation/tree_it/shrubs_brush_it.dds	declared	juninho-tree	diox-nature:686544bfda7e,juninho-tree:e1a67003385c
model2/vegetation/tree_it/shrubs_it.dds	declared	juninho-tree	diox-nature:97b712f91f6e,juninho-tree:99655a8528a1
model2/vegetation/tree_it/sumac_it.dds	declared	juninho-tree	diox-nature:6c6fecb753b2,juninho-tree:ed2817c22b18
model2/vegetation/tree_it/tree1_it.dds	declared	juninho-tree	diox-nature:4a9c50d9aa11,juninho-tree:a3e5d7ef5166
model2/vegetation/tree_it/tree_city_it.dds	declared	juninho-tree	diox-nature:45dd0691b820,juninho-tree:f33bcee73a43
model2/vegetation/tree_it/tree_dry_it.dds	declared	juninho-tree	diox-nature:5509ab70c883,juninho-tree:3c73930bb72b
model2/vegetation/tree_it/trees_far1_it.dds	declared	juninho-tree	diox-nature:e35ce89d64f6,juninho-tree:84531fdf058b
model2/vegetation/trees/cityalley_tree01_sc.dds	declared	juninho-tree	diox-nature:a6eaa0a0f533,juninho-tree:1abd005ce47a
model2/vegetation/trees/fir2_ibe.dds	declared	juninho-tree	diox-nature:e95e8a3be244,juninho-tree:394f129ec659
prefab/garage/grass_detail.dds	declared	juninho-asphalt	juninho-grass:9ff3e977c7f2,juninho-asphalt:094f5bd5f3c5
prefab/garage/grass_detail.tobj	declared	juninho-asphalt	juninho-grass:ab132a0013f9,juninho-asphalt:d72030e01111
prefab/quarry/dirt.dds	identical	juninho-asphalt	juninho-grass:3430acf04345,juninho-asphalt:3430acf04345
prefab/quarry/dirt.tobj	declared	juninho-asphalt	juninho-grass:dacb083d4c25,juninho-asphalt:a9a7fe41942d
prefab/quarry/dirtyroad001.dds	identical	juninho-asphalt	juninho-grass:a9dfa9a77af9,juninho-asphalt:a9dfa9a77af9
prefab/quarry/dirtyroad001.tobj	declared	juninho-asphalt	juninho-grass:048c456520a4,juninho-asphalt:b4f1930a4a66
prefab/quarry/dirtyroad001end.dds	identical	juninho-asphalt	juninho-grass:7d419d8dc212,juninho-asphalt:7d419d8dc212
prefab/quarry/dirtyroad001end.tobj	declared	juninho-asphalt	juninho-grass:13a05d53cb8d,juninho-asphalt:3fec68e7d8f5
